run,physical_cores,omp_threads,m,n,k,default_ms,tuned_ms
1,128,128,512,512,512,14.237341000000,7.753963000000
1,128,128,1024,1024,1024,54.715779000000,32.134035000000
1,128,128,2048,2048,2048,467.578575000000,273.222075000000
1,128,128,4096,4096,4096,3840.507236000000,2286.526747000000
1,128,128,256,2048,1024,27.507212000000,27.355543000000
1,128,128,2048,256,1024,26.692406000000,26.751425000000
1,128,128,1023,1009,997,79.144090000000,39.730679000000
2,128,128,512,512,512,12.609774000000,8.015209000000
2,128,128,1024,1024,1024,55.933099000000,31.238650000000
2,128,128,2048,2048,2048,462.838881000000,276.333979000000
2,128,128,4096,4096,4096,3845.152201000000,2308.703822000000
2,128,128,256,2048,1024,27.456322000000,27.411023000000
2,128,128,2048,256,1024,27.458651000000,28.520178000000
2,128,128,1023,1009,997,80.721042000000,41.408922000000
3,128,128,512,512,512,12.112725000000,8.175790000000
3,128,128,1024,1024,1024,55.536019000000,32.871689000000
3,128,128,2048,2048,2048,469.013754000000,282.933770000000
3,128,128,4096,4096,4096,3845.059728000000,2297.162788000000
3,128,128,256,2048,1024,27.397724000000,27.450234000000
3,128,128,2048,256,1024,26.709779000000,26.614488000000
3,128,128,1023,1009,997,79.654756000000,40.164904000000
4,128,128,512,512,512,12.106278000000,8.067279000000
4,128,128,1024,1024,1024,55.766340000000,31.268504000000
4,128,128,2048,2048,2048,475.289374000000,283.785874000000
4,128,128,4096,4096,4096,3864.519519000000,2308.771374000000
4,128,128,256,2048,1024,27.782797000000,27.747747000000
4,128,128,2048,256,1024,27.361273000000,28.308319000000
4,128,128,1023,1009,997,78.896121000000,39.457290000000
5,128,128,512,512,512,11.978427000000,8.178059000000
5,128,128,1024,1024,1024,55.161141000000,32.597585000000
5,128,128,2048,2048,2048,471.994235000000,267.075387000000
5,128,128,4096,4096,4096,3859.759854000000,2290.067171000000
5,128,128,256,2048,1024,28.881520000000,29.135210000000
5,128,128,2048,256,1024,27.538736000000,28.612029000000
5,128,128,1023,1009,997,79.261225000000,39.490072000000
