shape,implementation,gpu__time_duration.sum,derived__sm__sass_thread_inst_executed_op_ffma_pred_on_x2,sm__cycles_elapsed.avg.per_second,derived__smsp__sass_thread_inst_executed_op_ffma_pred_on_x2,smsp__sass_thread_inst_executed_op_fadd_pred_on.sum.per_cycle_elapsed,smsp__sass_thread_inst_executed_op_fmul_pred_on.sum.per_cycle_elapsed,smsp__cycles_elapsed.avg.per_second,dram__bytes.sum.peak_sustained,dram__cycles_elapsed.avg.per_second,dram__bytes.sum.per_second,derived__lts__lts2xbar_bytes.sum.peak_sustained,lts__cycles_elapsed.avg.per_second,derived__lts__lts2xbar_bytes.sum.per_second,derived__l1tex__lsu_writeback_bytes_mem_lg.sum.peak_sustained,l1tex__cycles_elapsed.avg.per_second,derived__l1tex__lsu_writeback_bytes_mem_lg.sum.per_second
512x512x512,default,0.000138016,7168,929758144,2091.897741,0,0,929758144,768,1214313000,15297009000,3072,884752492,115233480000,7168,929758144,144657546951.08
512x512x512,tuned,9.0016e-05,7168,929406994,3208.590044,0,0,929406994,768,1214303000,23729826000,3072,884531639,274084963000,7168,929406994,280301457518.66
512x512x512,cublas,6.8352e-05,7168,924907099,4246.103141,12.439755,16.58634,924907099,768,1214107000,30915730000,3072,882168773,366865169000,7168,924907099,395608614232.21
1024x1024x1024,default,0.000570464,7168,929906620,4048.203009,0,0,929906620,768,1214861000,16101195000,3072,884914736,207542267000,7168,929906620,238347226117.69
1024x1024x1024,tuned,0.000466592,7168,929880388,4949.547417,0,0,929880388,768,1214823000,20285028000,3072,884912300,406323229000,7168,929880388,431992593100.61
1024x1024x1024,cublas,0.000363776,7168,929820824,6410.87245,0,9.300105,929820824,768,1214638000,26377551000,3072,884967672,483158603000,7168,929820824,520271639690.36
2048x2048x2048,default,0.003863456,7168,929953065,4781.705796,0,0,929953065,768,1214973000,54188896000,3072,884982254,269638599000,7168,929953065,279141477475.09
2048x2048x2048,tuned,0.003206816,7168,929981717,5760.648814,0,0,929981717,768,1214972000,122634668000,3072,884989348,497184228000,7168,929981717,502358296827.76
2048x2048x2048,cublas,0.002918528,7168,929975745,6329.718072,0,1.545341,929975745,768,1214969000,54973291000,3072,884984828,330392022000,7168,929975745,370245208543.48
4096x4096x4096,default,0.029237024,7168,929998125,5054.690891,0,0,929998125,768,1214997000,147443362000,3072,884998282,292614157000,7168,929998125,294883922522.35
4096x4096x4096,tuned,0.023554176,7168,929994993,6274.242689,0,0,929994993,768,1214996000,106674356000,3072,884997633,273575848000,7168,929994993,273529315226.31
4096x4096x4096,cublas,0.02137376,7168,929997179,6914.285051,0,0.844029,929997179,768,1214997000,147976339000,3072,884998568,351953242000,7168,929997179,405935723803.39
256x2048x1024,default,0.000367648,7168,929793580,3141.095344,0,0,929793580,768,1214727000,26911655000,3072,884917095,178446514000,7168,929793580,200396205065.72
256x2048x1024,tuned,0.000255264,7168,929735490,4524.294748,0,0,929735490,768,1214742000,39847562000,3072,884793782,368048389000,7168,929735490,394863231791.4
256x2048x1024,cublas,0.000194912,7168,929717000,5942.661685,0,11.572856,929717000,768,1214469000,51603349000,3072,884881382,280877853000,7168,929717000,328806435724.84
2048x256x1024,default,0.000384576,7168,929767458,3002.917149,0,0,929767458,768,1214844000,26546181000,3072,884860210,169200116000,7168,929767458,176436012647.7
2048x256x1024,tuned,0.000255008,7168,929849260,4528.282525,0,0,929849260,768,1214707000,40222362000,3072,884921257,387763960000,7168,929849260,513991717.91
2048x256x1024,cublas,0.00019216,7168,929938593,6126.086862,0,14.669748,929938593,768,1214765000,52095920000,3072,885069734,296706078000,7168,929938593,350521898417.99
1023x1009x997,default,0.00053904,7168,929696776,4218.209278,0,0,929696776,768,1214920000,16682933000,3072,884780350,230642090000,7168,929696776,250764262392.4
1023x1009x997,tuned,0.000537504,7168,929656803,4297.595276,0,0,929656803,768,1214820000,16843246000,3072,884826904,327833363000,7168,929656803,373227123891.17
1023x1009x997,cublas,0.000346272,7168,929910591,6604.033913,0,22.794989,929910591,768,1214675000,27665096000,3072,885012360,358122632000,7168,929910591,397279364199.24
