shape,implementation,level,intensity_flop_per_byte,performance_gflop_s,peak_compute_gflop_s,peak_bandwidth_gbyte_s,bandwidth_gbyte_s
512x512x512,default,DRAM,127.146357,1944.95896,6664.50638,932.592384,15.297009
512x512x512,default,L2,16.878419,1944.95896,6664.50638,2717.95966,115.23348
512x512x512,default,L1,13.4452644,1944.95896,6664.50638,6664.50638,144.657547
512x512x512,tuned,DRAM,125.668264,2982.08603,6661.98933,932.584704,23.729826
512x512x512,tuned,L2,10.8801519,2982.08603,6661.98933,2717.2812,274.084963
512x512x512,tuned,L1,10.6388531,2982.08603,6661.98933,6661.98933,280.301458
512x512x512,cublas,DRAM,127.899208,3954.09738,6629.73409,932.434176,30.91573
512x512x512,cublas,L2,10.778067,3954.09738,6629.73409,2710.02247,366.865169
512x512x512,cublas,L1,9.9949729,3954.09738,6629.73409,6629.73409,395.608614
1024x1024x1024,default,DRAM,233.799465,3764.45078,6665.57065,933.013248,16.101195
1024x1024x1024,default,L2,18.1382368,3764.45078,6665.57065,2718.45807,207.542267
1024x1024x1024,default,L1,15.7939777,3764.45078,6665.57065,6665.57065,238.347226
1024x1024x1024,tuned,DRAM,226.890841,4602.48707,6665.38262,932.984064,20.285028
1024x1024x1024,tuned,L2,11.3271572,4602.48707,6665.38262,2718.45059,406.323229
1024x1024x1024,tuned,L1,10.6540879,4602.48707,6665.38262,6665.38262,431.992593
1024x1024x1024,cublas,DRAM,226.31404,5969.61014,6664.95567,932.841984,26.377551
1024x1024x1024,cublas,L2,12.3553841,5969.61014,6664.95567,2718.62069,483.158603
1024x1024x1024,cublas,L1,11.4740256,5969.61014,6664.95567,6664.95567,520.27164
2048x2048x2048,default,DRAM,82.0603904,4446.76196,6665.90357,933.099264,54.188896
2048x2048x2048,default,L2,16.4915631,4446.76196,6665.90357,2718.66548,269.638599
2048x2048x2048,default,L1,15.9301369,4446.76196,6665.90357,6665.90357,279.141477
2048x2048x2048,tuned,DRAM,43.6850212,5357.29808,6666.10895,933.098496,122.634668
2048x2048x2048,tuned,L2,10.7752776,5357.29808,6666.10895,2718.68728,497.184228
2048x2048x2048,tuned,L1,10.664297,5357.29808,6666.10895,6666.10895,502.358297
2048x2048x2048,cublas,DRAM,107.105129,5887.92141,6666.06614,933.096192,54.973291
2048x2048x2048,cublas,L2,17.8210157,5887.92141,6666.06614,2718.67339,330.392022
2048x2048x2048,cublas,L1,15.9027619,5887.92141,6666.06614,6666.06614,370.245209
4096x4096x4096,default,DRAM,31.8824326,4700.85305,6666.22656,933.117696,147.443362
4096x4096x4096,default,L2,16.0650226,4700.85305,6666.22656,2718.71472,292.614157
4096x4096x4096,default,L1,15.9413677,4700.85305,6666.22656,6666.22656,294.883923
4096x4096x4096,tuned,DRAM,54.6993158,5835.01429,6666.20411,933.116928,106.674356
4096x4096x4096,tuned,L2,21.3286894,5835.01429,6666.20411,2718.71273,273.575848
4096x4096x4096,tuned,L1,21.3323178,5835.01429,6666.20411,6666.20411,273.529315
4096x4096x4096,cublas,DRAM,43.4599922,6431.05054,6666.21978,933.117696,147.976339
4096x4096x4096,cublas,L2,18.2724572,6431.05054,6666.21978,2718.7156,351.953242
4096x4096x4096,cublas,L1,15.8425341,6431.05054,6666.21978,6666.21978,405.935724
256x2048x1024,default,DRAM,108.524366,2920.57029,6664.76038,932.910336,26.911655
256x2048x1024,default,L2,16.3666424,2920.57029,6664.76038,2718.46532,178.446514
256x2048x1024,default,L1,14.57398,2920.57029,6664.76038,6664.76038,200.396205
256x2048x1024,tuned,DRAM,105.562227,4206.39739,6664.34399,932.921856,39.847562
256x2048x1024,tuned,L2,11.4289249,4206.39739,6664.34399,2718.0865,368.048389
256x2048x1024,tuned,L1,10.6527958,4206.39739,6664.34399,6664.34399,394.863232
256x2048x1024,cublas,DRAM,107.275074,5535.75307,6664.21146,932.712192,51.603349
256x2048x1024,cublas,L2,19.708756,5535.75307,6664.21146,2718.35561,280.877853
256x2048x1024,cublas,L1,16.8359024,5535.75307,6664.21146,6664.21146,328.806436
2048x256x1024,default,DRAM,105.175756,2792.01464,6664.57314,933.000192,26.546181
2048x256x1024,default,L2,16.5012573,2792.01464,6664.57314,2718.29057,169.200116
2048x256x1024,default,L1,15.8245168,2792.01464,6664.57314,6664.57314,176.436013
2048x256x1024,tuned,DRAM,104.683563,4210.62015,6665.1595,932.894976,40.222362
2048x256x1024,tuned,L2,10.8587197,4210.62015,6665.1595,2718.4781,387.76396
2048x256x1024,tuned,L1,8192,4210.62015,6665.1595,6665.1595,0.513991718
2048x256x1024,cublas,DRAM,109.61562,5710.52656,6665.79983,932.93952,52.09592
2048x256x1024,cublas,L2,19.2464091,5710.52656,6665.79983,2718.93422,296.706078
2048x256x1024,cublas,L1,16.2914973,5710.52656,6665.79983,6665.79983,350.521898
1023x1009x997,default,DRAM,235.06991,3921.65557,6664.06649,933.05856,16.682933
1023x1009x997,default,L2,17.0032086,3921.65557,6664.06649,2718.04524,230.64209
1023x1009x997,default,L1,15.6388136,3921.65557,6664.06649,6664.06649,250.764262
1023x1009x997,tuned,DRAM,237.2042,3995.28868,6663.77996,932.98176,16.843246
1023x1009x997,tuned,L2,12.1869496,3995.28868,6663.77996,2718.18825,327.833363
1023x1009x997,tuned,L1,10.7047115,3995.28868,6663.77996,6663.77996,373.227124
1023x1009x997,cublas,DRAM,222.748491,6162.35838,6665.59912,932.8704,27.665096
1023x1009x997,cublas,L2,17.2073972,6162.35838,6665.59912,2718.75797,358.122632
1023x1009x997,cublas,L1,15.5113981,6162.35838,6665.59912,6665.59912,397.279364
