run,m,n,k,default_ms,tuned_ms,cublas_ms
1,512,512,512,0.090112000704,0.060416001826,0.051199998707
1,1024,1024,1024,0.364544004202,0.304127991199,0.245759993792
1,2048,2048,2048,2.566143989560,2.123775959010,1.934335947040
1,4096,4096,4096,19.909631729100,15.889408111600,14.445568084700
1,256,2048,1024,0.243711993098,0.168960005045,0.137216001749
1,2048,256,1024,0.243711993098,0.169983997941,0.135168001056
1,1023,1009,997,0.356352001429,0.340992003679,0.237568005919
2,512,512,512,0.090112000704,0.060416001826,0.050175998360
2,1024,1024,1024,0.369664013386,0.307200014591,0.248832002282
2,2048,2048,2048,2.566143989560,2.123775959010,1.933312058450
2,4096,4096,4096,19.995647430400,16.018432617200,14.487551689100
2,256,2048,1024,0.242688000202,0.167935997248,0.136191993952
2,2048,256,1024,0.243711993098,0.168960005045,0.135168001056
2,1023,1009,997,0.352256000042,0.339967995882,0.234495997429
3,512,512,512,0.090112000704,0.060416001826,0.051199998707
3,1024,1024,1024,0.363519996405,0.303104013205,0.244736000896
3,2048,2048,2048,2.591743946080,2.147327899930,1.954815983770
3,4096,4096,4096,19.885055542000,16.014335632300,14.541824340800
3,256,2048,1024,0.242688000202,0.168960005045,0.137216001749
3,2048,256,1024,0.242688000202,0.168960005045,0.134143993258
3,1023,1009,997,0.356352001429,0.343039989471,0.237568005919
4,512,512,512,0.090112000704,0.060416001826,0.051199998707
4,1024,1024,1024,0.369664013386,0.307200014591,0.248832002282
4,2048,2048,2048,2.569216012950,2.128895998000,1.935359954830
4,4096,4096,4096,20.014080047600,16.012287139900,14.517248153700
4,256,2048,1024,0.239616006613,0.165887996554,0.135168001056
4,2048,256,1024,0.241664007306,0.167935997248,0.134143993258
4,1023,1009,997,0.352256000042,0.338943988085,0.235520005226
5,512,512,512,0.090112000704,0.060416001826,0.051199998707
5,1024,1024,1024,0.365568011999,0.304127991199,0.245759993792
5,2048,2048,2048,2.593791961670,2.146303892140,1.954815983770
5,4096,4096,4096,20.016128540000,16.025600433300,14.507007598900
5,256,2048,1024,0.241664007306,0.167935997248,0.136191993952
5,2048,256,1024,0.242688000202,0.168960005045,0.135168001056
5,1023,1009,997,0.359423995018,0.345088005066,0.239616006613
