implementation,launch,size,level,stencil_s,effective_bytes,bandwidth_gbs,ceiling_gbs,bandwidth_pct,useful_gflops,executed_gflops,useful_intensity,executed_intensity,fp64_ceiling_gflops,occupancy_pct,registers_per_thread,static_shared_bytes
default,0,8192,L1 global/local,0.00203744,1587258112.0000083,779.04532746977,8029.00241869824,9.702890681107533,296.4405214386681,1482.1955148636225,0.38051768104619194,1.9025793013579655,4014.50120934912,93.68,32,2592
default,0,8192,L2 return,0.00203744,753572160.0000076,369.8622585205,3315.40907805696,11.155855878191138,296.4405214386681,1482.1955148636225,0.8014889722040606,4.007425685423025,4014.50120934912,93.68,32,2592
default,0,8192,DRAM,0.00203744,1076198528.0000088,528.21115124863,933.0912517632,56.608734703117705,296.4405214386681,1482.1955148636225,0.5612159469521176,2.8060663076875296,4014.50120934912,93.68,32,2592
default,1,8192,L1 global/local,0.0020149440000000003,1584469888.00001,786.3592675528499,8062.07543636992,9.753806867216824,299.7501548430129,1498.7609685734847,0.3811872857756677,1.9059493928743647,4031.03771818496,93.64,32,2592
default,1,8192,L2 return,0.0020149440000000003,753829568.0000002,374.11936411135997,3317.10819953664,11.27847937440268,299.7501548430129,1498.7609685734847,0.8012152900853045,4.006103699372709,4031.03771818496,93.64,32,2592
default,1,8192,DRAM,0.0020149440000000003,1075416448.0000021,533.72026617117,933.09269935104,57.19906141612393,299.7501548430129,1498.7609685734847,0.5616240825805174,2.8081395134671827,4031.03771818496,93.64,32,2592
default,2,8192,L1 global/local,0.00202176,1585424895.9999952,784.1805634694499,8062.07572015104,9.726782415469035,298.7396011396011,1493.699729373129,0.380957671046943,1.904790553293687,4031.03786007552,93.65,32,2592
default,2,8192,L2 return,0.00202176,753799199.9999986,372.8430674264,3317.20417852416,11.239677974609318,298.7396011396011,1493.699729373129,0.8012475683179303,4.006242464647645,4031.03786007552,93.65,32,2592
default,2,8192,DRAM,0.00202176,1075461759.999996,531.9433364988901,933.099335232,57.00822157017515,298.7396011396011,1493.699729373129,0.561600419897777,2.8080053398248475,4031.03786007552,93.65,32,2592
winner,0,8192,L1 global/local,0.001365024,2160831231.999999,1582.9987106453798,7409.12544246784,21.36552718586599,442.4682467121457,884.929487313057,0.2795127018971189,0.5590209779465178,3704.56272123392,91.32,32,0
winner,0,8192,L2 return,0.001365024,760873120.0000045,557.40640457604,3039.6826781184004,18.337651116960707,442.4682467121457,884.929487313057,0.7937982826887042,1.5875839962515843,3704.56272123392,91.32,32,0
winner,0,8192,DRAM,0.001365024,1075837567.9999945,788.1455329723101,933.10340623872,84.46497223167088,442.4682467121457,884.929487313057,0.5614042435075134,1.1227995976526677,3704.56272123392,91.32,32,0
winner,1,8192,L1 global/local,0.001369376,2161133568.0000005,1578.18858224476,7410.93449865216,21.295405896945763,441.0620428574767,882.116254778184,0.27947359892195234,0.5589422358660667,3705.46724932608,91.3,32,0
winner,1,8192,L2 return,0.001369376,760836255.999995,555.6079966349599,3039.43317832704,18.27998722251156,441.0620428574767,882.116254778184,0.7938367437631731,1.5876593931705834,3705.46724932608,91.3,32,0
winner,1,8192,DRAM,0.001369376,1075075712.0000002,785.08438295983,933.0931694438401,84.1378341058665,441.0620428574767,882.116254778184,0.5618020845028633,1.1235941943623133,3705.46724932608,91.3,32,0
winner,2,8192,L1 global/local,0.00136272,2161208959.9999976,1585.9523306328501,7411.08747208704,21.399724893359398,443.21634378302224,886.425201477933,0.27946384971493027,0.55892297918199,3705.54373604352,91.29,32,0
winner,2,8192,L2 return,0.00136272,760988959.9999985,558.43383820594,3039.5852060467196,18.37204093160587,443.21634378302224,886.425201477933,0.7936774483561513,1.587341491206405,3705.54373604352,91.29,32,0
winner,2,8192,DRAM,0.00136272,1075173759.9999936,788.99095925795,933.06995420928,84.55860739043642,443.21634378302224,886.425201477933,0.5617508522529453,1.1234922163260532,3705.54373604352,91.29,32,0
